id,NAME_1,NAME_2,NAME_3,X,Y
1,Baringo,805,Lembus,35.937417261979604,-0.020685892111898
2,Baringo,Baringo South,Ilchamus,36.0550951957602,0.4645282783921029
3,Baringo,Baringo South,Marigat,35.821421765649795,0.298259512722596
4,Baringo,Baringo South,Marigat,35.8873626951225,0.30581474044302004
5,Baringo,Baringo South,Mochongoi,36.015010050887106,0.400946159665452
6,Baringo,Baringo South,Mochongoi,36.060639296268604,0.412647865034378
7,Baringo,Eldama Ravine,Lembus Kwen,35.718974134518106,0.158512010862515
8,Baringo,Eldama Ravine,Lembus Kwen,35.6226625334775,0.119795242820739
9,Baringo,Eldama Ravine,Mumberes/Maji Mazuri,35.6403079313166,-0.043037507104003
10,Baringo,Mogotio,Emining,35.9087068811264,0.253794056861175
11,Baringo,Mogotio,Mogotio,35.7626979647983,0.16003575549259602
12,Baringo,Tiaty,Churo/Amaya,36.441970658358,0.868986472010182
13,Baringo,Tiaty,Kolowa,35.8192452140811,1.13432863529206
14,Baringo,Tiaty,Kolowa,35.7475200433961,0.980178649241495
15,Baringo,Tiaty,Tangulbei/Korossi,36.1087010301299,0.7048876049599041
16,Baringo,Tiaty,Tangulbei/Korossi,36.1880630895679,0.7986885954899671
17,Bomet,Chepalungu,Nyangores,35.351049066328,-0.8211157363111059
18,Bomet,Chepalungu,Sigor,35.317334223772505,-0.9319290499826391
19,Bomet,Chepalungu,Sigor,35.2675934210658,-0.8947391603108291
20,Bomet,Konoin,Chepchabas,35.2921313857663,-0.452097082925365
21,Bungoma,Kimilili,Maeni,34.7457066548728,0.8321414741057142
22,Bungoma,Mt. Elgon,Elgon,34.6497624618985,0.855029545636619
23,Bungoma,Tongaren,Tongaren,34.965876499012104,0.8394380901127109
24,Busia,Budalangi,Bunyala North,33.967837301065195,0.172666034783013
25,Busia,Nambale,Nambale Township,34.2664870089445,0.46278259856202103
26,Busia,Teso North,Ang'Urai East,34.416472171372696,0.759831345392984
27,Busia,Teso South,Ang'Orom,34.128552741441396,0.501796151743187
28,Busia,Teso South,Chakol South,34.1765467424022,0.476805935495871
29,Elgeyo-Marakwet,Keiyo South,Kaptarakwa,35.544713800333206,0.412800780438267
30,Elgeyo-Marakwet,Keiyo South,Soy South,35.707397116256104,0.327900672696932
31,Elgeyo-Marakwet,Marakwet West,Moiben/Kuserwo,35.4975716783639,0.9353665448478841
32,Embu,Manyatta,Ruguru/Ngandori,37.435691423967796,-0.30375957254504804
33,Embu,Mbeere North,Evurore,37.7742842836306,-0.5203715000139629
34,Embu,Mbeere North,Nthawa,37.600116236458,-0.5425668258247249
35,Embu,Mbeere South,Kiambere,37.840731720647604,-0.7013615443288851
36,Embu,Runyenjes,Kyeni South,37.632574060150496,-0.4662086123306121
37,Garissa,Balambala,Balambala,39.1163669908755,0.178890002333531
38,Garissa,Balambala,Balambala,39.266832899891604,0.269422920341993
39,Garissa,Balambala,Balambala,39.253881081071206,0.159582032441513
40,Garissa,Balambala,Balambala,39.0636808477286,0.124499707496246
41,Garissa,Balambala,Balambala,39.2730344227144,0.18608521338010897
42,Garissa,Balambala,Jara Jara,39.0799409611117,0.25897732925984196
43,Garissa,Balambala,Saka,39.2008359074796,0.085126463063752
44,Garissa,Balambala,Saka,39.3186528804546,0.00023767040371799997
45,Garissa,Balambala,Sankuri,39.677222535475394,-0.308294725354622
46,Garissa,Balambala,Sankuri,39.44089587024529,-0.032180199758542
47,Garissa,Daadab,Abakaile,39.9812163334116,0.38041044948884795
48,Garissa,Daadab,Dadaab,40.3466846659251,0.09319644503739
49,Garissa,Daadab,Damajale,40.834651979727504,-0.161106133852062
50,Garissa,Daadab,Damajale,40.6726852724195,-0.0023604231349
51,Garissa,Daadab,Damajale,40.8851138789699,0.078624813232046
52,Garissa,Daadab,Damajale,40.6126151523831,-0.001731132764571
53,Garissa,Daadab,Damajale,40.783918583447104,-0.122774106302044
54,Garissa,Daadab,Dertu,39.7178691482883,0.08898251414391901
55,Garissa,Daadab,Dertu,39.7901317838054,0.06608524040907701
56,Garissa,Daadab,Dertu,39.7118926121889,-0.074054654272774
57,Garissa,Daadab,Dertu,39.8429239401597,0.218227595277231
58,Garissa,Fafi,Bura,40.5029409647271,-0.931287621402928
59,Garissa,Fafi,Bura,40.6609162045484,-1.03513816412848
60,Garissa,Fafi,Bura,40.439036896244204,-1.3596042628923701
61,Garissa,Fafi,Bura,40.4344911063707,-0.98381951418554
62,Garissa,Fafi,Bura,40.37242829249,-1.3896813254836202
63,Garissa,Fafi,Bura,40.4056519685956,-1.3146721373216201
64,Garissa,Fafi,Bura,40.370653587373,-1.2495061426976202
65,Garissa,Fafi,Bura,40.1805156978562,-1.35282373920457
66,Garissa,Fafi,Bura,40.0716707278066,-1.13925015664873
67,Garissa,Fafi,Bura,40.157066877951294,-1.13032569611956
68,Garissa,Fafi,Bura,40.5378665955556,-0.990230998094497
69,Garissa,Fafi,Bura,40.4528230527959,-1.3942871894271898
70,Garissa,Fafi,Bura,40.49816668299879,-1.48689209473254
71,Garissa,Fafi,Dekaharia,40.8962429681863,-0.956232154686484
72,Garissa,Fafi,Fafi,40.7411520211778,-0.8235092088892241
73,Garissa,Fafi,Fafi,40.4354233999644,-0.610879490274102
74,Garissa,Fafi,Fafi,40.0833973521946,-0.031140852567461002
75,Garissa,Fafi,Fafi,40.7134835506601,-0.863752246981637
76,Garissa,Fafi,Fafi,40.0702037853952,-0.483447599269511
77,Garissa,Fafi,Fafi,40.406562164414396,-0.538235354001334
78,Garissa,Fafi,Fafi,40.336113965363204,-0.028370444732590996
79,Garissa,Fafi,Fafi,40.1127641424286,-0.30697533551094897
80,Garissa,Fafi,Jarajila,40.8731352569521,-0.764498961777229
81,Garissa,Fafi,Jarajila,40.605136664875495,-0.35888217620725604
82,Garissa,Fafi,Jarajila,40.4033211862334,-0.197329080663191
83,Garissa,Fafi,Jarajila,40.91574712871579,-0.693738582466019
84,Garissa,Fafi,Nanighi,40.1567924258122,-0.574871804972747
85,Garissa,Fafi,Nanighi,39.8956466243061,-0.7998653658989551
86,Garissa,Fafi,Nanighi,39.983092227906,-0.8755694556490999
87,Garissa,Ijara,Hulugho,41.125365175297,-0.9924124788230569
88,Garissa,Ijara,Hulugho,41.23542130644321,-1.513577163493
89,Garissa,Ijara,Hulugho,41.2396323431179,-1.1628596141978997
90,Garissa,Ijara,Hulugho,41.337958937931795,-1.4250386994202098
91,Garissa,Ijara,Hulugho,41.272087739395204,-1.4308871113370498
92,Garissa,Ijara,Ijara,40.433915183120604,-1.56889012078632
93,Garissa,Ijara,Ijara,40.7316350661456,-1.7745866044641199
94,Garissa,Ijara,Ijara,40.3136264324361,-1.48318950061922
95,Garissa,Ijara,Masalani,40.3560083027353,-1.82112868567404
96,Garissa,Ijara,Masalani,40.2303019369657,-1.77937154418926
97,Garissa,Ijara,Masalani,40.2094603493364,-1.74240335866524
98,Garissa,Ijara,Masalani,40.163267987542504,-1.7940278344210498
99,Garissa,Ijara,Sangailu,40.992394972577294,-1.69785742698504
100,Garissa,Lagdera,Baraki,39.616549195336205,0.506820846830589
101,Garissa,Lagdera,Benane,38.800186890092,0.491066775627527
102,Garissa,Lagdera,Goreale,39.55326185170671,0.42444274975278007
103,Garissa,Lagdera,Goreale,39.6597982919652,0.15105648311996397
104,Garissa,Lagdera,Goreale,39.410324887189496,0.246140307540231
105,Garissa,Lagdera,Goreale,39.421134790314795,0.415704518552849
106,Garissa,Lagdera,Goreale,39.831403575478795,0.364221028773226
107,Garissa,Lagdera,Goreale,39.732627466984795,0.525052336470757
108,Garissa,Lagdera,Maalimin,39.0728449861848,0.36809243165684796
109,Garissa,Lagdera,Sabena,39.436993454528,0.851873426194008
110,Homa Bay,Kabondo Kasipul,Kokwanyo/Kakelo,34.819428577332694,-0.433298899564359
111,Homa Bay,Karachuonyo,Wangchieng,34.742594328291695,-0.3392848772506
112,Homa Bay,Kasipul,East Kamagak,34.770643911765,-0.44756767973598705
113,Homa Bay,Mbita,Gembe,34.3667749824602,-0.41348572590444604
114,Homa Bay,Mbita,Lambwe,34.376994301745704,-0.524288557540468
115,Homa Bay,Mbita,Mfangano Island,33.9813413161289,-0.40259120161792206
116,Homa Bay,Ndhiwa,Kanyamwa Kosewe,34.3266299614548,-0.727304635055249
117,Homa Bay,Suba,Ruma-Kaksingri,34.2755811498015,-0.5912320532459481
118,Isiolo,Isiolo North,Burat,37.509316237147004,0.477252636222824
119,Isiolo,Isiolo North,Chari,38.1058799284829,1.0392856872511802
120,Isiolo,Isiolo North,Chari,38.4473107207875,1.01645553167549
121,Isiolo,Isiolo North,Chari,38.1180810459751,1.2149829798304599
122,Isiolo,Isiolo North,Chari,38.0734315807736,0.80423702538103
123,Isiolo,Isiolo North,Chari,38.3686946483788,0.943827330572982
124,Isiolo,Isiolo North,Chari,38.249129720976796,1.2497854990388502
125,Isiolo,Isiolo North,Chari,38.249455423766605,1.2355811192686699
126,Isiolo,Isiolo North,Chari,38.382678503971796,1.2693450966275
127,Isiolo,Isiolo North,Chari,38.1818823551281,1.32667910026038
128,Isiolo,Isiolo North,Cherab,39.3112090813974,1.14036084402671
129,Isiolo,Isiolo North,Cherab,39.344283118904706,1.1082990118546399
130,Isiolo,Isiolo North,Cherab,39.0529445304039,1.57348243678536
131,Isiolo,Isiolo North,Cherab,38.9835861697634,1.83954189421159
132,Isiolo,Isiolo North,Cherab,39.4146805812066,1.55611150142437
133,Isiolo,Isiolo North,Cherab,38.8444117645541,2.0052394492751797
134,Isiolo,Isiolo North,Cherab,39.0216978204091,1.56591250970968
135,Isiolo,Isiolo North,Cherab,38.8553601721787,1.35151518797094
136,Isiolo,Isiolo North,Cherab,38.7832024382083,1.51907584380746
137,Isiolo,Isiolo North,Cherab,38.9010720635324,1.3468912319422999
138,Isiolo,Isiolo North,Cherab,39.2677601360585,1.67119365528081
139,Isiolo,Isiolo North,Cherab,38.9352656669882,1.2882029363213898
140,Isiolo,Isiolo North,Ngare Mara,38.0496612284845,0.7702923781361021
141,Isiolo,Isiolo North,Oldo/Nyiro,37.099814079260604,0.6965800885045789
142,Isiolo,Isiolo South,Garbatulla,38.591810822329705,0.39998526085289793
143,Isiolo,Isiolo South,Garbatulla,38.6649966637303,0.233394952140469
144,Isiolo,Isiolo South,Garbatulla,38.6455738623905,0.5593254684577971
145,Isiolo,Isiolo South,Garbatulla,38.678720278908,0.093792040651402
146,Isiolo,Isiolo South,Garbatulla,38.4291565948547,0.6288307863463679
147,Isiolo,Isiolo South,Garbatulla,38.5503199832565,0.467801003910152
148,Isiolo,Isiolo South,Kinna,38.3554002427145,0.16878713789769698
149,Isiolo,Isiolo South,Kinna,38.2200291949638,0.394217658129081
150,Isiolo,Isiolo South,Sericho,39.02677623177561,0.952891159332141
151,Isiolo,Isiolo South,Sericho,38.8079117950817,0.6154671760170211
152,Isiolo,Isiolo South,Sericho,39.3264592210632,1.02955367529454
153,Isiolo,Isiolo South,Sericho,39.137741094271604,0.769453755936697
154,Isiolo,Isiolo South,Sericho,38.7852392966056,0.9481166595960949
155,Isiolo,Isiolo South,Sericho,38.79045068291779,0.7194335880229971
156,Isiolo,Isiolo South,Sericho,39.141348435123206,0.7024854894082401
157,Isiolo,Isiolo South,Sericho,38.875987648362,0.715574953755326
158,Isiolo,Isiolo South,Sericho,38.802770660770996,0.564550380391129
159,Isiolo,Isiolo South,Sericho,39.018032513776,0.6987741075994711
160,Kajiado,Kajiado Central,Dalalekutuk,36.9402355952198,-2.0889940147224797
161,Kajiado,Kajiado Central,Dalalekutuk,36.90993756434371,-2.03300841606399
162,Kajiado,Kajiado Central,Matapato North,36.7391247035317,-2.28756718769745
163,Kajiado,Kajiado Central,Matapato South,36.5435527681531,-2.27910902698371
164,Kajiado,Kajiado Central,Matapato South,36.790051231577394,-2.3736265995936296
165,Kajiado,Kajiado Central,Matapato South,36.942998346646796,-2.3751709360422004
166,Kajiado,Kajiado Central,Matapato South,36.6498129643778,-2.45747532178041
167,Kajiado,Kajiado Central,Purko,36.751883681664,-1.9892463513058098
168,Kajiado,Kajiado East,Imaroro,37.172326757632206,-1.9804131108025
169,Kajiado,Kajiado East,Kaputiei North,36.9486514963694,-1.79670014990787
170,Kajiado,Kajiado East,Kaputiei North,37.041389621472796,-1.75818736606693
171,Kajiado,Kajiado East,Kenyawa-Poka,37.4578681288112,-2.21484122988393
172,Kajiado,Kajiado South,Entonet/Lenkisim,37.0065013559313,-2.6583758639182498
173,Kajiado,Kajiado South,Entonet/Lenkisim,37.3267399872934,-2.6057968551656003
174,Kajiado,Kajiado South,Entonet/Lenkisim,37.2963636337072,-2.71840761685412
175,Kajiado,Kajiado South,Entonet/Lenkisim,37.1602860517427,-2.30149184417587
176,Kajiado,Kajiado South,Kuku,37.6010156555451,-2.78979031756153
177,Kajiado,Kajiado South,Kuku,37.6410322330231,-2.79943614299836
178,Kajiado,Kajiado South,Kuku,37.7484106427899,-2.95587075421856
179,Kajiado,Kajiado South,Mbirikani/Eselenkei,37.5736989301607,-2.62777942991629
180,Kajiado,Kajiado South,Mbirikani/Eselenkei,37.3018170502503,-2.2646528202087204
181,Kajiado,Kajiado South,Mbirikani/Eselenkei,37.6923042488922,-2.58216908030044
182,Kajiado,Kajiado South,Rombo,37.6965553104146,-3.0709131545461
183,Kajiado,Kajiado South,Rombo,37.7500548584579,-3.00112529083111
184,Kajiado,Kajiado South,Rombo,37.640404631332395,-3.0372772917999
185,Kajiado,Kajiado West,Ewuaso Oonkidong'I,36.342160221840295,-1.4030623822035
186,Kajiado,Kajiado West,Ewuaso Oonkidong'I,36.409076478278706,-1.2369313179833101
187,Kajiado,Kajiado West,Ewuaso Oonkidong'I,36.6082715242338,-1.3996656306639998
188,Kajiado,Kajiado West,Iloodokilani,36.37430586658,-2.1939655062378898
189,Kajiado,Kajiado West,Iloodokilani,36.618127728322705,-1.73059781111401
190,Kajiado,Kajiado West,Iloodokilani,36.607834255083496,-1.87797622817873
191,Kajiado,Kajiado West,Iloodokilani,36.6300680694886,-1.89283909752885
192,Kajiado,Kajiado West,Iloodokilani,36.388536000724294,-1.75474553373949
193,Kajiado,Kajiado West,Iloodokilani,36.600369122252104,-2.07218778090816
194,Kajiado,Kajiado West,Keekonyokie,36.576232632155204,-1.5688942878873402
195,Kajiado,Kajiado West,Magadi,36.2530333238928,-1.9755312845405502
196,Kajiado,Kajiado West,Magadi,36.2050191930132,-2.10828558702259
197,Kajiado,Kajiado West,Magadi,36.1336698814243,-1.73561882496499
198,Kajiado,Kajiado West,Magadi,36.067977664596,-1.64020391236864
199,Kajiado,Kajiado West,Magadi,36.0601121549062,-1.9741540256874202
200,Kakamega,Ikolomani,Idakho Central,34.683469674956996,0.17719727659347798
201,Kakamega,Khwisero,Kisa East,34.6477772763712,0.14113948584528302
202,Kakamega,Malava,Shirugu-Mugai,34.8285384158494,0.450744376940651
203,Kakamega,Malava,South Kabras,34.7723270877222,0.38297069429800606
204,Kakamega,Mumias West,Etenje,34.4366046918523,0.26338978455802
205,Kakamega,Shinyalu,Isukha Central,34.866677699619196,0.283426198376677
206,Kakamega,Shinyalu,Isukha Central,34.890783101943896,0.236013899074394
207,Kakamega,Shinyalu,Isukha East,34.937620655412196,0.328396520138099
208,Kericho,Belgut,Chaik,35.1844057916518,-0.472420635839354
209,Kericho,Belgut,Chaik,35.449159950437796,-0.383939211225923
210,Kericho,Bureti,Cheboin,35.1379973072723,-0.578722428098875
211,Kericho,Kipkelion East,Tendeno/Sorget,35.580828067500896,-0.028393606371431002
212,Kericho,Kipkelion West,Chilchila,35.3594971609394,-0.13911706588271602
213,Kericho,Sigowet/Soin,Soin,35.102596157776,-0.22243025923450302
214,Kericho,Sigowet/Soin,Soliat,35.1298959343203,-0.30660617302206705
215,Kiambu,Juja,Theta,36.9639782564414,-1.1009021557005
216,Kiambu,Kiambu,Township,36.8611709830974,-1.16679224934617
217,Kiambu,Lari,Kamburu,36.796108980585,-1.02990340736406
218,Kiambu,Limuru,Ngecha Tigoni,36.6619999547705,-1.18169195749712
219,Kilifi,Ganze,Bamba,39.479589833269294,-3.56321151301492
220,Kilifi,Ganze,Ganze,39.4109401575337,-3.38975637144127
221,Kilifi,Ganze,Ganze,39.725395236253206,-3.43226401574972
222,Kilifi,Kilifi North,Tezo,39.869129114882604,-3.58048679678213
223,Kilifi,Kilifi South,Shimo La Tewa,39.6859076453146,-3.9186412557740895
224,Kilifi,Magarini,Adu,39.7468644945401,-2.6633184992411802
225,Kilifi,Magarini,Adu,40.1032834384357,-2.81548947293373
226,Kilifi,Magarini,Adu,39.5348140643971,-3.14363366184317
227,Kilifi,Magarini,Adu,39.40874778038229,-2.9514195728153503
228,Kilifi,Magarini,Adu,39.249999505215996,-3.2867836316638397
229,Kilifi,Magarini,Adu,40.0375800322337,-2.66669880176755
230,Kilifi,Magarini,Adu,39.7891988203199,-2.6188516582189
231,Kilifi,Magarini,Adu,39.3086918966366,-3.2920587862860398
232,Kilifi,Magarini,Adu,39.689189327991706,-2.5681562094372
233,Kilifi,Magarini,Adu,39.336120662182005,-3.16886132184525
234,Kilifi,Magarini,Marafa,39.663445903512795,-3.0905377682651096
235,Kilifi,Magarini,Marafa,39.930701791238704,-2.9101124916751497
236,Kilifi,Magarini,Marafa,39.852318911566,-2.94294403428794
237,Kilifi,Magarini,Marafa,39.8642263713099,-3.03108040744101
238,Kilifi,Malindi,Jilore,39.8227526887312,-3.14129202684677
239,Kilifi,Malindi,Kakuyuni,39.964639358747505,-3.19817717054875
240,Kilifi,Rabai,Rabai/Kisurutini,39.5722123402412,-3.95733206508708
241,Kilifi,Rabai,Ruruma,39.566872767294896,-3.9085122479645897
242,Kirinyaga,Gichugu,Kabare,37.292747878416904,-0.4334115388651121
243,Kisii,Nyaribari Chache,Kiogoro,34.8068761153354,-0.7544773322784301
244,Kisumu,Muhoroni,Chemelil,35.1969995505198,-0.038024237220037005
245,Kisumu,Muhoroni,Masogo/Nyang'Oma,35.0584184449499,-0.139812503903172
246,Kisumu,Muhoroni,Ombeyi,34.8607912988494,-0.101789357325544
247,Kisumu,Nyakach,Central Nyakach,34.893830217185396,-0.328306196668245
248,Kisumu,Seme,North Seme,34.557269654177105,-0.024038701293768998
249,Kitui,Kitui Central,Kyangwithya West,37.8891009675699,-1.43444705013794
250,Kitui,Kitui Central,Kyangwithya West,37.9027069554819,-1.41167519497379
251,Kitui,Kitui Central,Miambani,38.157931267425106,-1.27543150143633
252,Kitui,Kitui Central,Miambani,38.077982045408,-1.21643288535017
253,Kitui,Kitui East,Endau/Malalani,38.937135971479705,-1.3638447710691899
254,Kitui,Kitui Rural,Kanyangi,37.9483567140096,-1.8659208848948001
255,Kitui,Kitui Rural,Kwavonza/Yatta,37.6756587067881,-1.17014381888556
256,Kitui,Kitui Rural,Kwavonza/Yatta,37.840388401921004,-1.6381129142330801
257,Kitui,Kitui Rural,Mbitini,38.064981215142105,-1.4945658689677
258,Kitui,Kitui Rural,Mulango,38.03865113326871,-1.43616715609507
259,Kitui,Kitui South,Athi,38.781580422689096,-2.95582549674567
260,Kitui,Kitui South,Athi,38.22432974040729,-2.17658581977068
261,Kitui,Kitui South,Athi,38.743266360102,-2.98862412806036
262,Kitui,Kitui South,Athi,38.81556348163571,-2.7808909261072796
263,Kitui,Kitui South,Athi,38.717400185609705,-2.57344761981718
264,Kitui,Kitui South,Athi,38.5062558006628,-2.49342012789716
265,Kitui,Kitui South,Athi,38.50248845125729,-2.7192403305209703
266,Kitui,Kitui South,Ikanga/Kyatune,38.1235445467736,-1.85355195367408
267,Kitui,Kitui South,Ikutha,38.3678270660163,-2.3383736108521096
268,Kitui,Kitui South,Kanziko,38.38607781257421,-2.0725369297760503
269,Kitui,Kitui South,Kanziko,38.277191595429,-1.9627453216648898
270,Kitui,Kitui South,Kanziko,38.513906548086204,-2.26765155754173
271,Kitui,Kitui South,Kanziko,38.579640617188396,-2.3117033331772996
272,Kitui,Kitui South,Mutha,38.8163662361579,-1.9991821414701298
273,Kitui,Kitui South,Mutha,38.3824832602607,-1.79511292921092
274,Kitui,Kitui South,Mutha,38.797541042644795,-1.8159806356878
275,Kitui,Kitui South,Mutha,38.500254529439005,-1.69640349079649
276,Kitui,Kitui South,Mutha,38.3796746905144,-1.7452082163154399
277,Kitui,Kitui South,Mutha,38.9348596853806,-1.5064853571615702
278,Kitui,Kitui South,Mutha,38.6631144641581,-2.18982335212771
279,Kitui,Kitui South,Mutha,38.6873343216935,-2.1506679903955304
280,Kitui,Kitui South,Mutha,38.9456197900012,-1.49108138125828
281,Kitui,Kitui South,Mutomo,38.2105383943886,-1.81822740734162
282,Kitui,Kitui West,Mutonguni,38.07047236061371,-1.18046614026419
283,Kitui,Mwingi Central,Mui,38.2563738617686,-1.15168877174477
284,Kitui,Mwingi Central,Mui,38.2490319078973,-1.13541841998621
285,Kitui,Mwingi Central,Nguni,38.379219752256496,-0.77979164512933
286,Kitui,Mwingi Central,Nguni,38.760790833397,-1.06429699231672
287,Kitui,Mwingi Central,Nguni,38.8972750989758,-0.932989138953588
288,Kitui,Mwingi Central,Nguni,38.8866544745396,-0.9875092133033622
289,Kitui,Mwingi Central,Nguni,38.6469023365795,-0.8909169916563721
290,Kitui,Mwingi Central,Nguni,38.6337894220135,-0.8953683583262969
291,Kitui,Mwingi Central,Nuu,38.3363638429434,-1.00763227959707
292,Kitui,Mwingi North,Kyuso,38.2063635035804,-0.672614660457232
293,Kitui,Mwingi North,Mumoni,38.10055906446689,-0.545700537611735
294,Kitui,Mwingi North,Ngomeni,38.6833546726824,-0.522346910977756
295,Kitui,Mwingi North,Ngomeni,38.42431778379179,-0.448964451361563
296,Kitui,Mwingi North,Ngomeni,38.4687588140346,-0.550295505457699
297,Kitui,Mwingi North,Tharaka,38.118829747163204,-0.334684623102648
298,Kitui,Mwingi West,Nguutani,37.8835075276159,-1.11716065197929
299,Kwale,Kinango,Kinango,39.4087765364638,-4.00755147574702
300,Kwale,Kinango,Mackinnon Road,39.177616155662996,-3.9537098517744904
301,Kwale,Kinango,Mackinnon Road,39.01892087927379,-3.93969250936517
302,Kwale,Kinango,Mackinnon Road,39.1068219416225,-3.8683331600489197
303,Kwale,Kinango,Ndavaya,39.1825747501208,-4.18238587101897
304,Kwale,Kinango,Ndavaya,38.698196309702894,-4.16011775058051
305,Kwale,Kinango,Ndavaya,39.145625912308,-4.18201144986983
306,Kwale,Kinango,Puma,39.0362085263453,-4.01951243599287
307,Kwale,Kinango,Puma,38.9139483320005,-3.9797343798698503
308,Kwale,Kinango,Puma,39.2771916300982,-4.08770577520386
309,Kwale,Lungalunga,Dzombo,39.236545498489704,-4.39338098767979
310,Kwale,Matuga,Mkongani,39.1930597419642,-4.352155329957649
311,Kwale,Matuga,Mkongani,39.2395902266432,-4.2382334656002
312,Kwale,Msambweni,Kinondo,39.5066895904694,-4.39489950355026
313,Laikipia,Laikipia East,Ngobit,36.778893598431,-0.0006842572045369999
314,Laikipia,Laikipia East,Tigithi,36.8320550211046,-0.07884866673177299
315,Laikipia,Laikipia East,Tigithi,36.871243200437895,-0.088342210897364
316,Laikipia,Laikipia North,Mugogodo East,37.1869582129045,0.49617696558993896
317,Laikipia,Laikipia North,Mugogodo West,36.92887161311771,0.47104947479862197
318,Laikipia,Laikipia North,Mugogodo West,37.0062861386631,0.5150490507436339
319,Laikipia,Laikipia North,Segera,37.0243336548271,0.424906854967447
320,Laikipia,Laikipia North,Segera,36.94819581239871,0.14741625349763798
321,Laikipia,Laikipia North,Segera,36.8708826937064,0.50585997038062
322,Laikipia,Laikipia North,Sosian,36.495461178565606,0.422533860014646
323,Laikipia,Laikipia North,Sosian,36.5680693475994,0.75975719462532
324,Laikipia,Laikipia North,Sosian,36.6574846736113,0.8139553877712091
325,Laikipia,Laikipia North,Sosian,36.709811881748294,0.48584083067571504
326,Laikipia,Laikipia North,Sosian,36.660984781657,0.8042298591831851
327,Laikipia,Laikipia West,Ol-Moran,36.5381960428272,0.639275795871042
328,Laikipia,Laikipia West,Ol-Moran,36.337314853200105,0.573271450886048
329,Laikipia,Laikipia West,Rumuruti Township,36.5507281479165,0.29557744349443
330,Laikipia,Laikipia West,Salama,36.696843020614295,0.23201079978610797
331,Lamu,Lamu East,Basuba,41.1089909592607,-1.95190489242023
332,Lamu,Lamu East,Basuba,40.8456428824074,-1.8473377760835001
333,Lamu,Lamu East,Basuba,40.9257728703942,-1.8045799005431598
334,Lamu,Lamu East,Kiunga,41.3412007901761,-1.79021092575635
335,Lamu,Lamu West,Hindi,40.8355453617782,-2.00531912384594
336,Lamu,Lamu West,Hindi,40.8454972716383,-2.24370253917129
337,Lamu,Lamu West,Hongwe,40.6462776669677,-2.43096626656253
338,Lamu,Lamu West,Mkunumbi,40.4675751757885,-2.00261823107102
339,Lamu,Lamu West,Mkunumbi,40.6732011905743,-2.12170259196595
340,Lamu,Lamu West,Shella,40.95192589709,-2.2599917955882405
341,Lamu,Lamu West,Witu,40.395516148191,-2.157327049369
342,Lamu,Lamu West,Witu,40.3222943186164,-2.0172632176367102
343,Lamu,Lamu West,Witu,40.3063226907076,-2.27405498700362
344,Machakos,Machakos Town,Kalama,37.331960977898,-1.59099515252653
345,Machakos,Masinga,Kivaa,37.7916953319155,-0.92102094564871
346,Machakos,Masinga,Muthesya,37.4173120502334,-0.9271599260770279
347,Machakos,Masinga,Ndithini,37.406515996131795,-0.853320521848516
348,Machakos,Matungulu,Matungulu North,37.2736642689797,-1.1584326451593001
349,Machakos,Matungulu,Matungulu West,37.2638580662967,-1.28480472147246
350,Machakos,Matungulu,Matungulu West,37.1447271803954,-1.23628440789522
351,Machakos,Mavoko,Kinanie,37.0140585099091,-1.5542560598008899
352,Machakos,Mavoko,Kinanie,36.9906123400209,-1.51429853184103
353,Machakos,Mwala,Muthetheni,37.4948065026344,-1.4732140735430301
354,Machakos,Yatta,Ikombe,37.624140083453,-1.2821465378073702
355,Machakos,Yatta,Ikombe,37.6592163735716,-1.34089511226052
356,Machakos,Yatta,Matuu,37.58701934324429,-1.12045701477638
357,Machakos,Yatta,Ndalani,37.45854406811021,-1.0101725016288299
358,Makueni,Kibwezi East,Ivingoni/Nzambani,38.098282587064794,-2.6969636153082104
359,Makueni,Kibwezi East,Masongaleni,38.214211339974206,-2.52184878699689
360,Makueni,Kibwezi East,Masongaleni,38.0328898963933,-2.42760244120234
361,Makueni,Kibwezi East,Mtito Andei,38.2211811193265,-2.5831842279633
362,Makueni,Kibwezi East,Mtito Andei,38.3741192139867,-2.80605736336851
363,Makueni,Kibwezi East,Mtito Andei,38.29196768377779,-2.67893015778456
364,Makueni,Kibwezi West,Kikumbulyu North,38.0046513078667,-2.2330668968191
365,Makueni,Kibwezi West,Nguumo,37.942685100572795,-2.31181605029033
366,Makueni,Kilome,Kasikeu,37.390605952406204,-1.9071599191142903
367,Makueni,Kilome,Kasikeu,37.295900468365105,-1.95557762651825
368,Makueni,Kilome,Kasikeu,37.3770812331172,-1.92861653300076
369,Makueni,Kilome,Kiima Kiu/Kalanzoni,37.213933626755704,-1.8899987830400802
370,Makueni,Makueni,Kitise/Kithuki,37.838713388128,-2.08958741653043
371,Makueni,Makueni,Kitise/Kithuki,37.908751667873204,-2.12644592837814
372,Makueni,Makueni,Mbitini,37.3973666865135,-1.99867908062059
373,Mandera,Banissa,Banissa,40.3771107635091,3.92638764874684
374,Mandera,Banissa,Banissa,40.483949433948204,3.9281065539514906
375,Mandera,Banissa,Guba,40.619491207638,3.9550950145948303
376,Mandera,Banissa,Malkamari,40.756995941808,4.12937878549998
377,Mandera,Banissa,Malkamari,40.7264506430738,4.13602320829811
378,Mandera,Banissa,Malkamari,40.584116936027996,4.08950349512442
379,Mandera,Lafey,Libehia,41.388214812908295,3.73141794422305
380,Mandera,Lafey,Libehia,41.370722675740105,3.66165943276834
381,Mandera,Lafey,Waranqara,41.242015759506295,3.60770680467889
382,Mandera,Lafey,Waranqara,41.069841973627206,3.5408328225216095
383,Mandera,Mandera East,Arabia,41.462293528167294,3.5113225001930695
384,Mandera,Mandera East,Arabia,41.4744651153625,3.62157201135728
385,Mandera,Mandera East,Arabia,41.5893951549283,3.60465832606979
386,Mandera,Mandera East,Arabia,41.56084451080721,3.7455754695905
387,Mandera,Mandera East,Arabia,41.379002139241706,3.50537979706598
388,Mandera,Mandera East,Fino,41.2632667930755,3.5286402972572404
389,Mandera,Mandera North,Ashabito,40.841539873992204,3.44617346518542
390,Mandera,Mandera North,Guticha,40.675236867964294,3.65735581380619
391,Mandera,Mandera North,Guticha,40.36611685259761,3.4230225454113103
392,Mandera,Mandera North,Guticha,40.5448462240475,3.59802802463265
393,Mandera,Mandera North,Rhamu-Dimtu,41.075434889319894,3.8928643675490298
394,Mandera,Mandera South,Elwak South,40.9234270278399,2.72113768655074
395,Mandera,Mandera South,Kutulo,40.865750559769104,2.3028133155359902
396,Mandera,Mandera South,Kutulo,40.71908041149221,2.3709397517879798
397,Mandera,Mandera South,Kutulo,40.7095923441001,2.52312296120577
398,Mandera,Mandera South,Wargadud,40.918659064288796,2.90879659936297
399,Mandera,Mandera West,Gither,40.0622320525508,3.8423473894963394
400,Mandera,Mandera West,Gither,39.8437545485419,3.70431289507035
401,Mandera,Mandera West,Takaba,40.0088285302608,3.6542694500312
402,Mandera,Mandera West,Takaba South,40.1614457987675,3.31391160982677
403,Mandera,Mandera West,Takaba South,40.3626393924963,3.23947542369489
404,Mandera,Mandera West,Takaba South,40.436919217511104,3.2965937314046903
405,Mandera,Mandera West,Takaba South,40.22686694230371,3.22456726462964
406,Mandera,unknown 1,unknown 1,40.443224292804295,2.96604649016086
407,Marsabit,Laisamis,Kargi/South Horr,37.430956970823495,2.44259541446258
408,Marsabit,Laisamis,Kargi/South Horr,37.2809938898367,2.3195460130582
409,Marsabit,Laisamis,Kargi/South Horr,37.630934761191,2.48738674919229
410,Marsabit,Laisamis,Kargi/South Horr,37.2351038046763,2.58359892482126
411,Marsabit,Laisamis,Kargi/South Horr,37.3295520932256,2.3989908846147503
412,Marsabit,Laisamis,Kargi/South Horr,37.2912753966424,2.40855127790641
413,Marsabit,Laisamis,Korr/Ngurunit,37.501772767325605,2.0295320044836
414,Marsabit,Laisamis,Korr/Ngurunit,37.5951495732281,2.42319647482063
415,Marsabit,Laisamis,Korr/Ngurunit,37.4754491231635,1.84640282625646
416,Marsabit,Laisamis,Laisamis,37.5591476378885,1.6081416948422802
417,Marsabit,Laisamis,Laisamis,38.0446790211334,1.7904968562605301
418,Marsabit,Laisamis,Laisamis,37.9511569843105,1.3691126829191598
419,Marsabit,Laisamis,Laisamis,37.7344142055181,1.59485615410625
420,Marsabit,Laisamis,Laisamis,37.6909394846123,1.48059729684386
421,Marsabit,Laisamis,Laisamis,38.2210150089722,1.77717963059205
422,Marsabit,Laisamis,Laisamis,37.528385871367504,1.7171172684652298
423,Marsabit,Laisamis,Logo Logo,38.3454650948105,1.78861570402866
424,Marsabit,Laisamis,Logo Logo,37.8279811990709,1.97322447226081
425,Marsabit,Laisamis,Logo Logo,38.165782044473296,1.9313085991471801
426,Marsabit,Laisamis,Loiyangalani,36.2897408934207,2.9648128076843197
427,Marsabit,Laisamis,Loiyangalani,36.2589839841256,3.16316234849226
428,Marsabit,Laisamis,Loiyangalani,36.2385326333057,3.1929587401871498
429,Marsabit,Laisamis,Loiyangalani,36.4391950110125,2.7250727555334704
430,Marsabit,Laisamis,Loiyangalani,36.874974897704796,3.02806866536655
431,Marsabit,Laisamis,Loiyangalani,37.051938516027796,2.61425099982262
432,Marsabit,Laisamis,Loiyangalani,37.1564574245883,2.78446200959445
433,Marsabit,Laisamis,Loiyangalani,36.608154576470795,3.0093443623477696
434,Marsabit,Laisamis,Loiyangalani,36.938619784017,2.96566173862598
435,Marsabit,Laisamis,Loiyangalani,36.794275779557296,2.9347199952352403
436,Marsabit,Laisamis,Loiyangalani,37.1689268526104,2.92809701479259
437,Marsabit,Laisamis,Loiyangalani,36.8385195223605,3.0299792041657
438,Marsabit,Laisamis,Loiyangalani,36.081688205812505,3.28165605434523
439,Marsabit,Laisamis,Loiyangalani,36.113904381310704,3.2434491717024905
440,Marsabit,Laisamis,Loiyangalani,36.786244857103796,3.0877608249430097
441,Marsabit,Laisamis,Loiyangalani,36.8631197684864,2.81862555419344
442,Marsabit,Moyale,Butiye,38.923444466183604,3.08842659228885
443,Marsabit,Moyale,Butiye,38.9511868796835,2.8730125588098403
444,Marsabit,Moyale,Butiye,39.0478940085821,2.80579608375794
445,Marsabit,Moyale,Butiye,39.080340692765105,2.9595844101744198
446,Marsabit,Moyale,Golbo,39.1947980032741,3.1134732327177996
447,Marsabit,Moyale,Obbu,38.7380042524356,3.44297629876219
448,Marsabit,Moyale,Obbu,38.7506143015071,3.34662041966443
449,Marsabit,Moyale,Uran,38.8289930421717,2.55780995233069
450,Marsabit,Moyale,Uran,38.8455880838834,2.5403642074396897
451,Marsabit,Moyale,Uran,38.2577497302575,3.57574048691939
452,Marsabit,Moyale,Uran,38.760841886592395,2.66234346479538
453,Marsabit,North Horr,Dukana,36.843038511757705,4.21476150680307
454,Marsabit,North Horr,Dukana,36.6745003418988,4.14158390393888
455,Marsabit,North Horr,Dukana,36.9359134215348,4.0487401227730295
456,Marsabit,North Horr,Dukana,37.3625907108592,4.03050366188493
457,Marsabit,North Horr,Dukana,36.9891741846755,4.04107374451197
458,Marsabit,North Horr,Dukana,36.8937740157908,4.29536330667069
459,Marsabit,North Horr,Dukana,37.474026144285396,3.95156498103928
460,Marsabit,North Horr,Dukana,37.5578974790339,3.9339283829875695
461,Marsabit,North Horr,Dukana,37.1126417038884,4.22383743093242
462,Marsabit,North Horr,Dukana,37.1991580491469,4.14938895257869
463,Marsabit,North Horr,Dukana,37.4236885314166,3.9579358626839
464,Marsabit,North Horr,Dukana,37.3958770037383,3.6729965604115296
465,Marsabit,North Horr,Dukana,36.6893923082226,4.05197365029756
466,Marsabit,North Horr,Dukana,36.7588304959909,4.39733883670074
467,Marsabit,North Horr,Illeret,36.095419246338395,4.38436163883393
468,Marsabit,North Horr,Illeret,36.2637089634018,3.9877352852546
469,Marsabit,North Horr,Illeret,36.3605749791478,3.8082393001806802
470,Marsabit,North Horr,Illeret,36.4589668853732,3.8249347359827994
471,Marsabit,North Horr,Illeret,36.288535058999,4.0138023776385
472,Marsabit,North Horr,Illeret,36.0679089769851,3.8785208651343597
473,Marsabit,North Horr,Illeret,36.119266584918705,4.30178387206262
474,Marsabit,North Horr,Illeret,36.363827668266396,4.1004141234367
475,Marsabit,North Horr,Illeret,36.3773374067814,4.37114742334517
476,Marsabit,North Horr,Illeret,36.2790966712827,4.26415187601991
477,Marsabit,North Horr,Maikona,37.6329822189327,3.25596710470434
478,Marsabit,North Horr,Maikona,37.5280201046489,2.9165143110582994
479,Marsabit,North Horr,Maikona,37.896363249747,3.6563573540961003
480,Marsabit,North Horr,Maikona,38.029754674871796,3.2713403481684797
481,Marsabit,North Horr,Maikona,37.9174415794978,3.26351147996571
482,Marsabit,North Horr,Maikona,37.4683346395088,3.32201926358221
483,Marsabit,North Horr,Maikona,37.8659597047102,3.2081658331145495
484,Marsabit,North Horr,Maikona,37.133610781883796,3.11107478243307
485,Marsabit,North Horr,Maikona,38.1420340329391,3.2713902878052203
486,Marsabit,North Horr,Maikona,38.0588211387266,3.47300862652916
487,Marsabit,North Horr,Maikona,37.8223132165618,2.67536683816364
488,Marsabit,North Horr,Maikona,37.8675725475042,3.5092240624161297
489,Marsabit,North Horr,Maikona,37.920770835934796,2.8547764820120096
490,Marsabit,North Horr,Maikona,37.807916086862605,3.1039736650405896
491,Marsabit,North Horr,Maikona,37.535155531684,3.7182038387490297
492,Marsabit,North Horr,Maikona,37.573213692575294,3.36841100975105
493,Marsabit,North Horr,Maikona,37.5478092071135,3.56259999320059
494,Marsabit,North Horr,North Horr,37.147016730409796,3.4197341286568
495,Marsabit,North Horr,North Horr,36.9385325191959,3.1359594912556803
496,Marsabit,North Horr,North Horr,36.9273231110604,3.19143062433696
497,Marsabit,North Horr,North Horr,36.6062835693435,3.53210833061266
498,Marsabit,North Horr,North Horr,36.9763260078155,3.3103390910328705
499,Marsabit,North Horr,North Horr,37.0332267990974,3.5947876379318497
500,Marsabit,North Horr,North Horr,36.6267252660302,3.6427548015068902
501,Marsabit,North Horr,North Horr,37.0615968907066,3.73637253426857
502,Marsabit,North Horr,North Horr,36.703472494325396,3.65337243078373
503,Marsabit,North Horr,North Horr,37.133637396886705,3.1947770867671097
504,Marsabit,North Horr,North Horr,36.2449932328254,3.65912477037385
505,Marsabit,North Horr,North Horr,36.6590086611428,3.2112162074137096
506,Marsabit,North Horr,North Horr,36.1415280168309,3.5323729872773395
507,Marsabit,North Horr,North Horr,36.717393906833,3.7452993013361096
508,Marsabit,North Horr,North Horr,36.4944713282164,3.4248152248053096
509,Marsabit,North Horr,Turbi,38.2465047870734,3.2594446047839702
510,Marsabit,North Horr,Turbi,38.26856473753529,2.3425802192584304
511,Marsabit,North Horr,Turbi,38.3601098528731,2.4533016311053397
512,Marsabit,North Horr,Turbi,38.0806361093266,2.52791088909354
513,Marsabit,North Horr,Turbi,38.398796403743894,2.69528416507595
514,Marsabit,North Horr,Turbi,38.251216902666,2.8069958800719905
515,Marsabit,North Horr,Turbi,38.9144863150167,2.14086997964661
516,Marsabit,North Horr,Turbi,38.567640863499605,2.8554127726479197
517,Marsabit,North Horr,Turbi,38.4858696370672,2.43518625849394
518,Marsabit,North Horr,Turbi,38.6985543956671,2.32113350854755
519,Marsabit,North Horr,Turbi,38.241533639319,3.0117741332095
520,Marsabit,North Horr,Turbi,38.5753416853396,2.31126456928319
521,Marsabit,North Horr,Turbi,38.5275808883204,2.4456840646830402
522,Marsabit,North Horr,Turbi,38.6004922472666,2.13577337955432
523,Marsabit,North Horr,Turbi,38.2144034867914,3.28332053300066
524,Marsabit,North Horr,Turbi,38.4072883345066,3.06549062616764
525,Marsabit,Saku,Karare,37.957269021374,2.34677207410938
526,Marsabit,Saku,Karare,37.947013538861,2.1528787541491203
527,Marsabit,Saku,Marsabit Central,37.8993215101011,2.60229514279103
528,Marsabit,Saku,Marsabit Central,37.957505379661704,2.43453550836964
529,Marsabit,Saku,Sagante/Jaldesa,38.0268607173,2.47810301902532
530,Marsabit,Saku,Sagante/Jaldesa,37.9758297718955,2.4620811340621804
531,Meru,Buuri,Kibirichia,37.3557023288699,-0.088818081151476
532,Meru,Buuri,Kiirua/Naari,37.5842317517445,0.055735627287145
533,Meru,Buuri,Kiirua/Naari,37.5455527054298,0.212500329818912
534,Meru,Buuri,Kisima,37.3226534390855,0.048230008320884005
535,Meru,Buuri,Kisima,37.3956607399589,-0.015073567471808
536,Meru,Igembe Central,Njia,37.800730915984104,0.4550027740638421
537,Meru,Igembe North,Amwathi,38.0945712794381,0.46519265281870203
538,Meru,Igembe North,Amwathi,38.03948339286129,0.626765476748453
539,Meru,Igembe North,Amwathi,38.0283566907327,0.446219952628807
540,Meru,Igembe North,Antubetwe Kiongo,38.0540610332865,0.341575253483823
541,Meru,Tigania East,Karama,37.781296241571106,0.30209351042229804
542,Meru,Tigania East,Karama,37.796151856330795,0.30590683686417697
543,Meru,Tigania West,Kianjai,37.765145803329,0.17656853597563102
544,Migori,Kuria West,Makerero,34.497343125105,-1.2306616872120602
545,Migori,Kuria West,Tagare,34.4823715386238,-1.15397675694948
546,Migori,Nyatike,Kaler,34.2404220855899,-1.10442946688173
547,Migori,Nyatike,Macalder/Kanyarwanda,34.292508385092,-1.01274215816491
548,Migori,Suna West,Ragana-Oruba,34.4694064733677,-1.09950594927988
549,Murang'a,Gatanga,Kakuzi/Mitubiri,37.365419569599105,-1.05241422529541
550,Murang'a,Kiharu,Mbiri,37.1799036446974,-0.7206014314544441
551,Murang'a,Kiharu,Murarandia,36.9319522098221,-0.7511389581851571
552,Murang'a,Mathioya,Kiru,36.849216595483796,-0.611117320543682
553,Nairobi,Langata,Karen,36.750748365490104,-1.30847433316326
554,Nairobi,Starehe,Ngara,36.817501269019,-1.26949684174178
555,Nakuru,Bahati,Bahati,36.2110792045885,-0.11500625197650499
556,Nakuru,Gilgil,Elementaita,36.118680829576995,-0.5486449911962321
557,Nakuru,Gilgil,Malewa West,36.2886989386995,-0.7179699148474009
558,Nakuru,Gilgil,Mbaruk/Eburu,36.1878862036901,-0.5731136463509839
559,Nakuru,Gilgil,Murindati,36.3421805221037,-0.417049496022694
560,Nakuru,Kuresoi South,Keringet,35.6924839623579,-0.410810467212118
561,Nakuru,Molo,Elburgon,35.812732450400794,-0.28963200290571695
562,Nakuru,Molo,Elburgon,35.7729815854648,-0.3426473582423
563,Nakuru,Naivasha,Hells Gate,36.45485887983121,-0.8506086998622779
564,Nakuru,Naivasha,Hells Gate,36.49789600348979,-0.800524183597108
565,Nakuru,Rongai,Mosop,35.8996296863521,-0.266626877525671
566,Nakuru,Rongai,Mosop,35.8395029285137,-0.20020959405119396
567,Nakuru,Rongai,Soin,36.0101085550582,-0.04367183225433701
568,Nakuru,Rongai,Visoi,35.905647937368,-0.17596409238838104
569,Nandi,Chesumei,Kaptel/Kamoiywo,34.996626709185,0.256092998217108
570,Nandi,Emgwen,Kapsabet,35.1126700084326,0.188763660995038
571,Nandi,Mosop,Kabiyet,35.0725682237738,0.44932768584271
572,Nandi,Mosop,Kabiyet,35.0464712427107,0.470961949448165
573,Nandi,Tinderet,Songhor/Soba,35.2239607342735,0.046889148554141
574,Narok,Kilgoris,Angata Barikoi,34.7822766217108,-1.31870590416609
575,Narok,Kilgoris,Keyian,34.7194762587876,-1.02409500835814
576,Narok,Kilgoris,Lolgorian,34.706184692857796,-1.0865719188760201
577,Narok,Kilgoris,Shankoe,34.759722436146305,-0.9714282194537971
578,Narok,Narok East,Keekonyokie,36.1767174670289,-1.06318470742589
579,Narok,Narok East,Mosiro,36.066728146403996,-1.34438928054853
580,Narok,Narok East,Mosiro,36.032027524946706,-1.36399020901443
581,Narok,Narok North,Narok Town,35.8785550002764,-1.16989730048775
582,Narok,Narok North,Olokurto,35.964512408577704,-0.591773001037442
583,Narok,Narok North,Olokurto,35.811009262176,-0.757722046958333
584,Narok,Narok North,Olorropil,36.0278711318005,-0.7224718044728449
585,Narok,Narok North,Olorropil,35.9995860097682,-0.740785711693587
586,Narok,Narok South,Loita,35.980448663634895,-2.08212530530435
587,Narok,Narok South,Loita,36.0010122393954,-1.9169440991794198
588,Narok,Narok South,Majimoto/Naroosura,35.8247393027009,-1.60184021253925
589,Narok,Narok South,Majimoto/Naroosura,35.812220740228206,-1.3210054910413997
590,Narok,Narok South,Majimoto/Naroosura,35.937981626978,-1.28690629368818
591,Narok,Narok South,Ololulung'A,35.7053083399732,-0.9746329613499041
592,Narok,Narok South,Sogoo,35.5737355132304,-0.856507486402485
593,Narok,Narok South,Sogoo,35.5481278588954,-0.839699210099376
594,Narok,Narok West,Mara,35.1852215296799,-1.08551388224025
595,Narok,Narok West,Mara,35.4562742940633,-1.0605461100198699
596,Narok,Narok West,Siana,35.157434282477396,-1.6019802248572999
597,Narok,Narok West,Siana,35.412966997466505,-1.4391023666518798
598,Narok,Narok West,Siana,35.415853086778,-1.52346817178096
599,Narok,Narok West,Siana,35.5353811042665,-1.38188098781647
600,Narok,Narok West,Siana,35.2924254126835,-1.42054790662822
601,Nyandarua,Kinangop,Njabini\Kiburu,36.6306213599235,-0.7293253661835251
602,Nyandarua,Kinangop,North Kinangop,36.6210604220993,-0.518782430561326
603,Nyandarua,Kipipiri,Githioro,36.495472134889205,-0.49644332135632396
604,Nyandarua,Kipipiri,Kipipiri,36.5025040066134,-0.40518888916906
605,Nyandarua,Ndaragwa,Shamata,36.474160601391894,-0.12858027398098598
606,Nyandarua,Ol Kalou,Rurii,36.32733358737371,-0.18350842222109898
607,Nyeri,Kieni,Mugunda,36.8295674769484,-0.12141225601536501
608,Nyeri,Kieni,Mweiga,36.6841952698014,-0.36176764028983294
609,Nyeri,Kieni,Mwiyogo/Endarasha,36.886274786350704,-0.27050917805911606
610,Nyeri,Mathira,Kirimukuyu,37.061135273126794,-0.46017024869882206
611,Nyeri,Nyeri Town,Kiganjo/Mathari,36.9094323805899,-0.407277496640058
612,Nyeri,Othaya,Mahiga,36.936263006042,-0.507084014143708
613,Samburu,Samburu East,Wamba East,37.417176467112704,1.1332537368816202
614,Samburu,Samburu East,Wamba East,37.129780533346896,1.07738037645539
615,Samburu,Samburu East,Wamba East,37.4618865332073,0.9642320785849919
616,Samburu,Samburu East,Wamba East,37.5201095067407,0.993280065774272
617,Samburu,Samburu East,Wamba East,37.5028041646131,0.940671774341233
618,Samburu,Samburu East,Wamba North,37.307247252087,1.23968931397405
619,Samburu,Samburu East,Wamba North,37.143800411605504,1.18325800529439
620,Samburu,Samburu East,Wamba North,37.1076265506699,1.48632992679336
621,Samburu,Samburu East,Wamba North,36.9705135118335,1.24295979514524
622,Samburu,Samburu East,Wamba North,37.3959111763973,1.4841394914545603
623,Samburu,Samburu East,Wamba North,37.2971045275596,1.40668634118247
624,Samburu,Samburu East,Wamba North,37.229749593497,1.489310556475
625,Samburu,Samburu East,Wamba West,37.1917549193129,1.0321497654856
626,Samburu,Samburu East,Waso,37.421079449786,0.7400467242618699
627,Samburu,Samburu East,Waso,37.9567240571583,1.03214209347158
628,Samburu,Samburu East,Waso,37.8047772707217,1.05093862992258
629,Samburu,Samburu East,Waso,37.5963514165021,0.9383025840365901
630,Samburu,Samburu East,Waso,37.751604756987,0.9199724617842869
631,Samburu,Samburu East,Waso,37.5403228120606,0.737802316226758
632,Samburu,Samburu East,Waso,37.9284677880864,0.836691260401772
633,Samburu,Samburu East,Waso,37.732390674540206,0.781904739848636
634,Samburu,Samburu North,Baawa,36.9013943341606,1.28561956590951
635,Samburu,Samburu North,El-Barta,37.0693685470921,1.53713670853135
636,Samburu,Samburu North,El-Barta,36.8984529720935,1.52684279494399
637,Samburu,Samburu North,El-Barta,37.0132000406168,1.55630909485107
638,Samburu,Samburu North,El-Barta,36.7793866770817,1.60049625360771
639,Samburu,Samburu North,El-Barta,36.9521869188494,1.4455345170215401
640,Samburu,Samburu North,Nachola,36.8003570774996,1.8032572198494699
641,Samburu,Samburu North,Nachola,36.5317186222842,1.48796968907702
642,Samburu,Samburu North,Nachola,36.6128735228238,1.62542034226485
643,Samburu,Samburu North,Nachola,36.343393404626,1.54677529073275
644,Samburu,Samburu North,Ndoto,37.157441161771104,1.71031756559118
645,Samburu,Samburu North,Nyiro,36.92488954379971,1.91003082784346
646,Samburu,Samburu North,Nyiro,36.834795004624,2.00908964267191
647,Samburu,Samburu North,Nyiro,36.7385242424893,2.47099641090536
648,Samburu,Samburu North,Nyiro,36.68211760788579,2.05063145671379
649,Samburu,Samburu North,Nyiro,36.833363052535404,2.13132303832875
650,Samburu,Samburu North,Nyiro,36.643933369005104,2.3699855654148103
651,Samburu,Samburu West,Lodokejek,36.8648831666539,0.8318161919098921
652,Samburu,Samburu West,Poro,36.47203091219121,1.3463197883919298
653,Samburu,Samburu West,Poro,36.5890631219979,1.21838103629289
654,Samburu,Samburu West,Poro,36.54232934787579,1.38471463759884
655,Samburu,Samburu West,Poro,36.468114757203104,1.36525569161284
656,Samburu,Samburu West,Poro,36.4654160119338,1.2123342752276103
657,Samburu,Samburu West,Poro,36.62570539901329,1.3657901589338002
658,Siaya,Alego Usonga,South East Alego,34.2367852568177,0.007493280665995999
659,Siaya,Bondo,Central Sakwa,34.0521725025353,-0.291084562553346
660,Siaya,Bondo,West Sakwa,34.2190455990162,-0.03490687284356
661,Siaya,Bondo,Yimbo East,34.0995231782834,0.028085944124464003
662,Siaya,Gem,Yala Township,34.5350349373068,0.080267193852652
663,Siaya,Rarieda,East Asembo,34.3858472259007,-0.16539020987982098
664,Siaya,Rarieda,North Uyoma,34.397158142254604,-0.324306790825951
665,Siaya,Ugunja,Ugunja,34.3023055675574,0.242811457734707
666,Taita Taveta,Mwatate,Bura,38.2688083592669,-3.4224475528971405
667,Taita Taveta,Mwatate,Chawia,38.4619399942146,-3.8059957143256598
668,Taita Taveta,Mwatate,Chawia,38.3903251910706,-3.69333160771674
669,Taita Taveta,Mwatate,Mwatate,38.5526318993599,-3.5682027116323
670,Taita Taveta,Mwatate,Mwatate,38.48137320734529,-3.6316975098507402
671,Taita Taveta,Mwatate,Mwatate,38.4327238439867,-3.5455817062603
672,Taita Taveta,Taveta,Chala,37.8101601323169,-3.22108548923855
673,Taita Taveta,Taveta,Chala,38.300367245249795,-3.0642087801635998
674,Taita Taveta,Taveta,Chala,37.9646525676993,-3.20749960720926
675,Taita Taveta,Taveta,Chala,37.852066757793104,-3.23191632978114
676,Taita Taveta,Taveta,Chala,38.0493984958404,-3.13874917005646
677,Taita Taveta,Taveta,Chala,37.945986238788706,-3.1886192000492204
678,Taita Taveta,Taveta,Mata,38.1471402264116,-3.85002675143748
679,Taita Taveta,Taveta,Mata,37.92445421575879,-3.5342544372552402
680,Taita Taveta,Taveta,Mata,38.0991562436237,-3.75798142821207
681,Taita Taveta,Taveta,Mata,37.936021873642105,-3.7763703964272004
682,Taita Taveta,Taveta,Mata,38.0506279457833,-3.6280560620721
683,Taita Taveta,Taveta,Mata,38.0599230596591,-3.5812003833901804
684,Taita Taveta,Voi,Kasigau,38.6033836698781,-4.04223113334415
685,Taita Taveta,Voi,Marungu,38.9548842120649,-3.7222276887541605
686,Taita Taveta,Voi,Mbololo,38.6805707211347,-3.14118953571051
687,Taita Taveta,Voi,Mbololo,39.0742181383142,-3.35270959133742
688,Taita Taveta,Voi,Mbololo,38.7401757390369,-3.1861153917709397
689,Taita Taveta,Voi,Mbololo,38.9413972574383,-3.108756337183
690,Taita Taveta,Voi,Ngolia,38.1025588494396,-3.01154801866793
691,Taita Taveta,Voi,Ngolia,37.887636235062,-2.9892677368136202
692,Taita Taveta,Voi,Ngolia,38.296527945920296,-3.02688086663389
693,Taita Taveta,Voi,Ngolia,38.156752097357504,-2.92514729981479
694,Taita Taveta,Voi,Sagalla,38.6573363071981,-3.5123614635069305
695,Taita Taveta,Voi,Sagalla,38.4896325917755,-3.55703178994052
696,Taita Taveta,Wundanyi,Wumingu/Kishushe,38.296047474752,-3.27887641463493
697,Tana River,Bura,Bangale,38.9882403009652,-0.293976491558849
698,Tana River,Bura,Bangale,38.9047091803137,-0.507594418722573
699,Tana River,Bura,Bangale,39.0985457325392,-0.520985065294834
700,Tana River,Bura,Bangale,38.98792942176679,-0.7703778800149409
701,Tana River,Bura,Bangale,39.1548205461006,-0.493225014813779
702,Tana River,Bura,Bangale,38.6284877594603,-0.144753931974413
703,Tana River,Bura,Bangale,38.8873311034153,-0.748865038003404
704,Tana River,Bura,Bangale,38.824987935063795,-0.43104763341814006
705,Tana River,Bura,Chewele,39.715248004802,-1.0210008404178799
706,Tana River,Bura,Chewele,39.659429484072795,-0.7710608308965979
707,Tana River,Bura,Chewele,39.784741142786295,-0.857657013707923
708,Tana River,Bura,Chewele,39.564791040896296,-0.937066219994426
709,Tana River,Bura,Chewele,39.8744744466737,-0.99966722642108
710,Tana River,Bura,Hirimani,39.183600972637,-1.02056717922848
711,Tana River,Bura,Hirimani,39.3847239076322,-0.9008660227394479
712,Tana River,Bura,Hirimani,39.0240782428863,-0.9704993273681819
713,Tana River,Bura,Hirimani,39.1592959232157,-0.98007306569499
714,Tana River,Bura,Hirimani,39.546767671139705,-1.06421801171435
715,Tana River,Bura,Madogo,39.289673291023995,-0.115629731390724
716,Tana River,Bura,Madogo,39.202027077435496,-0.097232920250536
717,Tana River,Bura,Madogo,39.0453419306823,-0.049304982550154
718,Tana River,Bura,Madogo,39.464378827036796,-0.223290094502594
719,Tana River,Bura,Sala,39.6203208339382,-0.57023352212375
720,Tana River,Bura,Sala,39.524647613491,-0.6251337156090301
721,Tana River,Galole,Kinakomba,39.9424806849569,-1.75821571267245
722,Tana River,Galole,Mikinduni,40.04048325084621,-1.57398725055134
723,Tana River,Galole,Mikinduni,39.8513256373516,-1.57916069313999
724,Tana River,Galole,Mikinduni,39.7710472757691,-1.53376037964975
725,Tana River,Galole,Wayu,39.558172113373,-1.49094915246891
726,Tana River,Galole,Wayu,39.0923954596752,-1.12603643927653
727,Tana River,Galole,Wayu,39.05796749907329,-1.7546084739602898
728,Tana River,Galole,Wayu,39.903092130239294,-1.37582768624407
729,Tana River,Galole,Wayu,39.3112484446279,-1.10928237717196
730,Tana River,Galole,Wayu,39.027963883365395,-1.5821215634852202
731,Tana River,Galole,Wayu,39.5316532761829,-1.6513021490159698
732,Tana River,Galole,Wayu,39.324782049456296,-1.5838020049369699
733,Tana River,Galole,Wayu,39.489841666233794,-1.58786169481051
734,Tana River,Galole,Wayu,39.0604358563398,-1.52553458412646
735,Tana River,Galole,Wayu,39.1015260431175,-1.09669578193909
736,Tana River,Galole,Wayu,39.1040650065817,-1.27564160024431
737,Tana River,Galole,Wayu,39.544116472024996,-1.1914272923525
738,Tana River,Galole,Wayu,39.629702858750896,-1.22976656466386
739,Tana River,Galole,Wayu,39.5195053779415,-1.46540479600844
740,Tana River,Galole,Wayu,38.976232098404104,-1.7451358707576798
741,Tana River,Garsen,Garsen North,39.8047280503132,-1.8741900339759499
742,Tana River,Garsen,Garsen North,39.991819652474106,-2.11850292943529
743,Tana River,Garsen,Garsen North,40.0936761323532,-2.08765610735175
744,Tana River,Garsen,Garsen West,38.9906511292375,-2.8522006724473306
745,Tana River,Garsen,Garsen West,39.3523805610798,-2.90254444301929
746,Tana River,Garsen,Garsen West,39.6879840585447,-2.39806284406907
747,Tana River,Garsen,Garsen West,38.9762591685046,-2.76082510372885
748,Tana River,Garsen,Garsen West,38.9270929807698,-2.16389622308141
749,Tana River,Garsen,Garsen West,39.6781040017099,-1.8499770168613299
750,Tana River,Garsen,Garsen West,39.5255786346981,-2.5155094822449304
751,Tana River,Garsen,Garsen West,39.272602163048205,-1.89684962859152
752,Tana River,Garsen,Garsen West,39.0411290188764,-2.44315276218147
753,Tana River,Garsen,Garsen West,39.175469245711604,-2.29357912085687
754,Tana River,Garsen,Garsen West,39.679082432242204,-1.9010015482841598
755,Tana River,Garsen,Garsen West,38.921107412424895,-2.69294646770587
756,Tana River,Garsen,Kipini East,40.5083851318849,-2.4403354797331698
757,Tana River,Garsen,Kipini West,40.2074545609169,-2.6085209460291803
758,Tharaka-Nithi,Chuka/Igambang'Ombe,Mariani,37.7222604875746,-0.355975116742657
759,Tharaka-Nithi,Maara,Mitheru,37.662125542702704,-0.29193591509506
760,Tharaka-Nithi,Tharaka,Chiakariga,37.8533995910931,-0.181734973383223
761,Tharaka-Nithi,Tharaka,Chiakariga,37.8953077099008,-0.29356699989523904
762,Tharaka-Nithi,Tharaka,Chiakariga,37.900237926031,-0.340436108097135
763,Trans Nzoia,Cherangany,Sinyerere,35.1281334920493,1.12806834604446
764,Trans Nzoia,Cherangany,Sinyerere,35.100448602053,1.1355452833033401
765,Trans Nzoia,Endebess,Chepchoina,34.8336130831403,1.24479652469494
766,Trans Nzoia,Endebess,Endebess,34.7850610713108,1.03724562094587
767,Trans Nzoia,Endebess,Matumbei,34.631322755126,1.1659582487323301
768,Trans Nzoia,Kiminini,Waitaluk,35.0320692628526,0.954200015367804
769,Trans Nzoia,Saboti,Saboti,34.8684527906421,0.9351934229685129
770,Trans Nzoia,Saboti,Saboti,34.8461225373403,0.9624947674102071
771,Turkana,Loima,Kotaruk/Lobei,35.3718127064613,2.47073824969027
772,Turkana,Loima,Kotaruk/Lobei,35.1116895281335,2.67555454764969
773,Turkana,Loima,Kotaruk/Lobei,35.2310813949854,2.4904432366262297
774,Turkana,Loima,Loima,34.9570925736965,2.9894412714852594
775,Turkana,Loima,Loima,34.8123367104878,2.97855682810882
776,Turkana,Loima,Loima,34.770013180022104,2.95417935436871
777,Turkana,Loima,Loima,34.9649845442132,3.41866583123136
778,Turkana,Loima,Loima,34.8459012557365,2.9272524825382
779,Turkana,Loima,Loima,34.8996694967421,3.28353748581375
780,Turkana,Loima,Lokiriama/Lorengippi,35.0118624124759,2.61778932010577
781,Turkana,Loima,Lokiriama/Lorengippi,34.9956777546723,2.47874565568395
782,Turkana,Loima,Lokiriama/Lorengippi,34.954016186174805,2.68245708468692
783,Turkana,Loima,Turkwel,35.3732178022673,3.4864342704372597
784,Turkana,Loima,Turkwel,35.5359971314722,3.1251138441485797
785,Turkana,Loima,Turkwel,35.568795132111795,3.0510069034705003
786,Turkana,Loima,Turkwel,35.087846077178,2.72670304750788
787,Turkana,Loima,Turkwel,35.220388952513396,3.0120993163613905
788,Turkana,Loima,Turkwel,35.1132830723107,3.1509898457985495
789,Turkana,Turkana Central,Kalokol,35.907407775674706,3.51769896330309
790,Turkana,Turkana Central,Kalokol,36.0087958735706,3.7270008912529202
791,Turkana,Turkana Central,Kalokol,35.443975639798296,3.56913474409467
792,Turkana,Turkana Central,Kanamkemer,35.7406342862896,3.03229906266711
793,Turkana,Turkana Central,Kerio Delta,36.2271509599394,2.8482992785624397
794,Turkana,Turkana Central,Kerio Delta,35.8352522099947,2.9741095211945097
795,Turkana,Turkana Central,Kerio Delta,36.0600602916761,2.8335649755133905
796,Turkana,Turkana Central,Kerio Delta,35.9275505959721,2.7814189250751604
797,Turkana,Turkana Central,Kerio Delta,36.199750535828294,2.75456586552809
798,Turkana,Turkana East,Kapedo/Napeitom,36.365332704135795,1.3962656633496002
799,Turkana,Turkana East,Kapedo/Napeitom,35.927909539492894,1.66154253950113
800,Turkana,Turkana East,Kapedo/Napeitom,36.5162282390922,1.8450686943343602
801,Turkana,Turkana East,Kapedo/Napeitom,35.956162460615396,1.39943466945114
802,Turkana,Turkana East,Kapedo/Napeitom,36.0866271342797,1.8970451824306598
803,Turkana,Turkana East,Kapedo/Napeitom,36.260870049825,1.3502472720644099
804,Turkana,Turkana East,Kapedo/Napeitom,36.1550942372039,1.1870449400257
805,Turkana,Turkana East,Katilia,36.251351429616705,2.1036869198841597
806,Turkana,Turkana East,Katilia,36.147326816934296,2.33035062511025
807,Turkana,Turkana East,Katilia,36.2957917854551,2.31191700062756
808,Turkana,Turkana North,Kaaleng/Kaikor,35.1749595220936,4.51447840031382
809,Turkana,Turkana North,Kaaleng/Kaikor,35.325831855665896,4.82018788745633
810,Turkana,Turkana North,Kaaleng/Kaikor,35.0428100420566,4.867466586036611
811,Turkana,Turkana North,Kaaleng/Kaikor,35.3317695101514,4.70916590000188
812,Turkana,Turkana North,Kaaleng/Kaikor,35.1429807599389,4.67061840308234
813,Turkana,Turkana North,Kaaleng/Kaikor,35.3488938186411,4.69045922179918
814,Turkana,Turkana North,Kaeris,35.341609465804794,4.2789336108703795
815,Turkana,Turkana North,Kaeris,35.4233851814084,3.684166789701
816,Turkana,Turkana North,Kaeris,35.59871869609879,3.9979518510956096
817,Turkana,Turkana North,Kaeris,35.650723826527,3.9374181965017097
818,Turkana,Turkana North,Lake Zone,35.8714064724309,4.01351337656489
819,Turkana,Turkana North,Lake Zone,35.7774289641587,4.2849509813021704
820,Turkana,Turkana North,Lake Zone,36.009997845118896,3.7867819470075297
821,Turkana,Turkana North,Lake Zone,35.99348631627,3.88799560083552
822,Turkana,Turkana North,Nakalale,35.1924292983172,4.03880961305049
823,Turkana,Turkana North,Nakalale,35.3239399754484,4.0424465026438305
824,Turkana,Turkana North,Nakalale,35.21839193265429,4.06300961753229
825,Turkana,Turkana North,Nakalale,35.0913494110809,4.21271841164739
826,Turkana,Turkana North,Nakalale,35.130722807961895,3.8026079602645297
827,Turkana,Turkana North,Nakalale,35.3885989792607,3.99912213567545
828,Turkana,Turkana North,Nakalale,35.210608302217295,4.07779437164431
829,Turkana,Turkana South,Kalapata,36.1622922797769,2.5050120495412997
830,Turkana,Turkana South,Kalapata,35.9151022246354,2.56437331229679
831,Turkana,Turkana South,Kalapata,35.9918608526175,2.25153117125842
832,Turkana,Turkana South,Kalapata,36.0567303943569,2.61968982137308
833,Turkana,Turkana South,Kalapata,36.0841863583004,2.51809818993498
834,Turkana,Turkana South,Kalapata,35.9692376529547,2.62552841115108
835,Turkana,Turkana South,Katilu,35.3957478851872,2.49942940664006
836,Turkana,Turkana South,Katilu,35.5106246021629,2.1270888175950198
837,Turkana,Turkana South,Katilu,35.6432523832619,2.09273007550189
838,Turkana,Turkana South,Katilu,35.5940025594948,2.12358752549935
839,Turkana,Turkana South,Lobokat,35.531569500150496,2.0174894509028602
840,Turkana,Turkana South,Lokichar,35.6333100548361,2.94483251326446
841,Turkana,Turkana South,Lokichar,35.679765020073496,2.7225099481571697
842,Turkana,Turkana South,Lokichar,35.7108279093771,2.9567921595903996
843,Turkana,Turkana South,Lokichar,35.6466946161796,2.36949011493187
844,Turkana,Turkana South,Lokichar,35.583133992156895,2.63061049550702
845,Turkana,Turkana South,Lokichar,35.7197329978121,2.70463174895256
846,Turkana,Turkana West,Kakuma,34.8364958189202,3.51888238942677
847,Turkana,Turkana West,Kalobeyei,34.292627921837,3.8788482455580198
848,Turkana,Turkana West,Kalobeyei,34.5477616000771,3.91761539237631
849,Turkana,Turkana West,Kalobeyei,34.152902660525996,3.89396129088178
850,Turkana,Turkana West,Kalobeyei,34.062579834673,4.10934028168519
851,Turkana,Turkana West,Kalobeyei,34.0691172535009,4.1686756812049595
852,Turkana,Turkana West,Kalobeyei,34.3376047503695,4.12380481233483
853,Turkana,Turkana West,Kalobeyei,34.1303934433095,4.089354919533561
854,Turkana,Turkana West,Kalobeyei,34.4130204181244,3.98438111698315
855,Turkana,Turkana West,Kalobeyei,34.419879096058196,3.7291008371748
856,Turkana,Turkana West,Letea,34.8082919377629,3.5210834429307902
857,Turkana,Turkana West,Letea,34.604629107464106,3.4869139124506496
858,Turkana,Turkana West,Lopur,34.896576422344104,3.9964878693342203
859,Turkana,Turkana West,Nanaam,34.410615002116195,4.50272489332636
860,Turkana,Turkana West,Nanaam,34.3951394801105,4.48996395121681
861,Turkana,Turkana West,Songot,34.9005620581008,4.41788434914854
862,Turkana,Turkana West,Songot,35.0006935470659,4.18560153944041
863,Turkana,Turkana West,Songot,34.8975297948206,4.64269419784097
864,Turkana,Turkana West,Songot,34.9516570904881,4.415879707250371
865,Turkana,Turkana West,Songot,34.590856697829,4.31844298657909
866,Turkana,Turkana West,Songot,35.0104831188902,4.20033526945047
867,Turkana,Turkana West,Songot,34.9416592594372,4.45527748813271
868,Turkana,unknown 2,unknown 2,35.9578315768972,2.0629627251361202
869,Turkana,unknown 2,unknown 2,35.936500497762,1.83929224224828
870,Uasin Gishu,Kapseret,Langas,35.1896949892241,0.525822013185143
871,Uasin Gishu,Kapseret,Langas,35.1764692209956,0.5417036714247521
872,Uasin Gishu,Kesses,Cheptiret/Kipchamo,35.4150667469897,0.297306583686654
873,Uasin Gishu,Moiben,Karuna/Meibeki,35.4294499210436,0.900359539354677
874,Uasin Gishu,Moiben,Tembelio,35.3759396855632,0.584693364826047
875,Uasin Gishu,Soy,Segero/Barsombe,35.2643143785157,0.940583783291275
876,Uasin Gishu,Turbo,Kamagut,35.1411945791995,0.547044847699605
877,Vihiga,Hamisi,Banja,34.8115715483644,0.046079197071149006
878,Wajir,Eldas,Della,39.78203483677,2.31061208017534
879,Wajir,Eldas,Della,39.601595988083204,2.33732523523632
880,Wajir,Eldas,Della,39.7293604526087,2.4155319263100097
881,Wajir,Eldas,Della,39.5927330089985,2.33830944971935
882,Wajir,Eldas,Elnur/Tula Tula,39.9722713850023,1.89817774852357
883,Wajir,Eldas,Elnur/Tula Tula,39.7394010979513,2.10422842391117
884,Wajir,Eldas,Lakoley South/Basir,39.2669337449606,2.51761742924226
885,Wajir,Eldas,Lakoley South/Basir,38.9914489297409,2.28982284255785
886,Wajir,Eldas,Lakoley South/Basir,39.1236637076246,2.22205990159435
887,Wajir,Eldas,Lakoley South/Basir,39.0623684107754,2.09523829165299
888,Wajir,Tarbaj,Elben,40.1281332609961,2.66100509625065
889,Wajir,Tarbaj,Elben,40.5352323804696,2.6251310585457404
890,Wajir,Tarbaj,Elben,40.470937327235106,2.54082345788137
891,Wajir,Tarbaj,Elben,40.1515109172599,2.59348307223018
892,Wajir,Tarbaj,Elben,40.436121027946,2.40435258189527
893,Wajir,Tarbaj,Elben,40.2836082218106,2.35943090797817
894,Wajir,Tarbaj,Sarman,40.1898063899018,2.44820966052074
895,Wajir,Tarbaj,Sarman,39.9483639745584,2.4996945469800096
896,Wajir,Tarbaj,Sarman,39.904230847361,2.57160111526546
897,Wajir,Tarbaj,Tarbaj,40.18828807352,1.8519789831730802
898,Wajir,Tarbaj,Tarbaj,40.1280938740422,1.97564053588942
899,Wajir,Tarbaj,Tarbaj,39.8856475049997,2.0313686916136797
900,Wajir,Tarbaj,Tarbaj,39.9646899856609,2.09795904963294
901,Wajir,Tarbaj,Tarbaj,40.142488033982,1.8239418177704998
902,Wajir,Tarbaj,Tarbaj,39.884676713337704,2.18877306614254
903,Wajir,Tarbaj,Wargadud,40.2965187985401,2.2306049964350096
904,Wajir,Tarbaj,Wargadud,40.4773529468603,2.1927172085166
905,Wajir,Tarbaj,Wargadud,40.6116961945183,2.44890294350665
906,Wajir,Tarbaj,Wargadud,40.3187433115965,2.1620467908349
907,Wajir,Wajir East,Khorof/Harar,40.777934615747796,1.92851258048119
908,Wajir,Wajir East,Khorof/Harar,40.763841354271705,2.1650741012422903
909,Wajir,Wajir East,Khorof/Harar,40.459112351834996,1.7961450784564599
910,Wajir,Wajir East,Khorof/Harar,40.8597057580939,1.9100374514622
911,Wajir,Wajir East,Khorof/Harar,40.7131765472362,1.9060040438455599
912,Wajir,Wajir East,Khorof/Harar,40.8021447844935,2.16933548104953
913,Wajir,Wajir East,Township,40.084434094781706,1.7527539193261599
914,Wajir,Wajir North,Batalu,39.767938852667996,2.7869480943948
915,Wajir,Wajir North,Batalu,39.7125802129972,2.84704223543037
916,Wajir,Wajir North,Batalu,39.9418125352936,2.842357180644
917,Wajir,Wajir North,Batalu,40.016556573066296,3.0639117258231803
918,Wajir,Wajir North,Danaba,39.7649408625823,2.99441101166919
919,Wajir,Wajir North,Danaba,39.988052411180796,3.24533763778058
920,Wajir,Wajir North,Gurar,39.6236350065881,3.47495985893094
921,Wajir,Wajir North,Korondile,39.0004993570546,2.53140724689352
922,Wajir,Wajir North,Korondile,39.1196308367284,2.51913668818877
923,Wajir,Wajir North,Malkagufu,39.4562978276866,2.9756834499821503
924,Wajir,Wajir North,Malkagufu,39.6406413706257,2.9227454587101205
925,Wajir,Wajir North,Malkagufu,39.5562590939706,3.04651339577286
926,Wajir,Wajir North,Malkagufu,39.6287593914019,2.6784475550546203
927,Wajir,Wajir North,Malkagufu,39.5425168939702,2.89814677705611
928,Wajir,Wajir North,Malkagufu,39.6421963780154,2.88593025820785
929,Wajir,Wajir North,Malkagufu,39.628745112372606,2.68675620445427
930,Wajir,Wajir South,Benane,40.2621344986852,0.298506188892851
931,Wajir,Wajir South,Benane,40.42936016255229,0.504911353891973
932,Wajir,Wajir South,Benane,40.5205462024193,0.58263576454644
933,Wajir,Wajir South,Benane,40.579125867251,0.7155395892712291
934,Wajir,Wajir South,Benane,40.3826541277787,0.549875753092771
935,Wajir,Wajir South,Benane,40.4555165467887,0.4320191624421889
936,Wajir,Wajir South,Burder,40.70127019118971,1.27221016853404
937,Wajir,Wajir South,Burder,40.4244153609607,1.1399291953501
938,Wajir,Wajir South,Burder,40.3680983648414,1.60240034281481
939,Wajir,Wajir South,Burder,40.429425929838295,1.50312801856368
940,Wajir,Wajir South,Burder,40.37715738658329,1.2066834707941898
941,Wajir,Wajir South,Dadaja Bulla,40.9530062396975,0.631451136635869
942,Wajir,Wajir South,Diif,40.847310728173596,1.1489575287073899
943,Wajir,Wajir South,Diif,40.9175879094207,0.804479139493208
944,Wajir,Wajir South,Diif,40.86461967413629,1.08645400440146
945,Wajir,Wajir South,Diif,40.922918588450706,1.2469297885738302
946,Wajir,Wajir South,Diif,40.6297042117002,0.9308140529446041
947,Wajir,Wajir South,Habasswein,39.927350708153206,0.6236099910804761
948,Wajir,Wajir South,Habasswein,39.958332608876,0.77610738877435
949,Wajir,Wajir South,Habasswein,39.880943420085394,0.766834720516787
950,Wajir,Wajir South,Habasswein,39.840635194307396,0.810278686880144
951,Wajir,Wajir South,Habasswein,40.130759519696,0.60309394622603
952,Wajir,Wajir South,Habasswein,39.7432137093362,1.10426197984046
953,Wajir,Wajir South,Habasswein,39.868346622724104,0.910225173455635
954,Wajir,Wajir South,Habasswein,39.6925354845276,0.661985811584967
955,Wajir,Wajir South,Habasswein,39.6343089148164,0.696492614521936
956,Wajir,Wajir South,Ibrahim Ure,40.8682136433539,1.4915788021724798
957,Wajir,Wajir South,Ibrahim Ure,40.6530535491369,1.67120604011993
958,Wajir,Wajir South,Ibrahim Ure,40.4769196709161,1.6256146558133102
959,Wajir,Wajir South,Ibrahim Ure,40.1898164088549,1.49761705386408
960,Wajir,Wajir South,Ibrahim Ure,40.471585095276495,1.7128595013307801
961,Wajir,Wajir South,Lagboghol South,40.1350165757855,1.3632854477589802
962,Wajir,Wajir South,Lagboghol South,39.9282503334636,1.40350521087575
963,Wajir,Wajir South,Lagboghol South,39.9816295121156,1.51659665009491
964,Wajir,Wajir South,Lagboghol South,40.0207499494338,1.1554754125833
965,Wajir,Wajir South,Lagboghol South,39.9740632871847,1.14912003852982
966,Wajir,Wajir West,Adamasajide,39.438845450291204,1.1730002583708798
967,Wajir,Wajir West,Adamasajide,39.381095170956996,1.25137997532795
968,Wajir,Wajir West,Adamasajide,39.6282775547295,1.14296252832066
969,Wajir,Wajir West,Adamasajide,39.36016462743321,1.4813867678919097
970,Wajir,Wajir West,Arbajahan,39.4623665560249,2.03737522759124
971,Wajir,Wajir West,Arbajahan,39.4379932751769,2.15013018890016
972,Wajir,Wajir West,Arbajahan,39.53181458413229,2.18131338497549
973,Wajir,Wajir West,Ganyure/Wagalla,39.828168253902604,1.67204077922096
974,Wajir,Wajir West,Ganyure/Wagalla,39.7078624832806,1.5130282906380002
975,Wajir,Wajir West,Ganyure/Wagalla,39.7948231496822,1.7755039996943798
976,Wajir,Wajir West,Ganyure/Wagalla,39.8162373186005,1.34889586450456
977,Wajir,Wajir West,Hadado/Athibohol,39.597755266884796,1.31145873908717
978,Wajir,Wajir West,Hadado/Athibohol,39.53576170538229,1.7075840652571002
979,Wajir,Wajir West,Hadado/Athibohol,39.6573704501571,1.50258747078946
980,West Pokot,Kacheliba,Kapchok,35.070320747302105,1.9164166519979298
981,West Pokot,Kacheliba,Kapchok,35.0944456124547,1.8064640112029198
982,West Pokot,Kacheliba,Kasei,35.290382293133995,1.97952450144149
983,West Pokot,Kacheliba,Kasei,35.3155139076609,2.03488386211692
984,West Pokot,Kacheliba,Kodich,35.0795044292854,1.60335287517661
985,West Pokot,Kacheliba,Suam,34.798280463039106,1.3600895037614797
986,West Pokot,Kapenguria,Endugh,35.3105156185031,1.84529374290792
987,West Pokot,Kapenguria,Endugh,35.3391579728351,1.6597902341543702
988,West Pokot,Kapenguria,Lokori/Kochodin,34.858118217582394,1.28278397289025
989,West Pokot,Kapenguria,Sook,35.379085042014204,1.6005865483115402
990,West Pokot,Pokot South,Batei,35.315650829199704,1.4788646606520102
991,West Pokot,Pokot South,Chepareria,35.2941170208565,1.3270296228058
992,West Pokot,Pokot South,Lelan,35.198027899231704,1.2154200645897901
993,West Pokot,Pokot South,Lelan,35.3336972336431,1.1701247565181299
994,West Pokot,Sigor,Lomut,35.5977601113989,1.3433262841867
995,West Pokot,Sigor,Lomut,35.583199337368704,1.30821845421661
996,West Pokot,Sigor,Sekerr,35.356905411066606,1.65684144239815
997,West Pokot,Sigor,Sekerr,35.4553154744601,1.8468660133378703
998,West Pokot,Sigor,Sekerr,35.4272272236985,1.65618087029871
999,West Pokot,Sigor,Weiwei,35.4807480011317,1.45621353276508
1000,West Pokot,Sigor,Weiwei,35.4232727516224,1.46111367380631
